Employee_Name,EmpID,Salary,Position,Sex,MaritalDesc,CitizenDesc,DateofHire,Department,ManagerName,RecruitmentSource
"Adinolfi, Wilson  K",10026,62506,Production Technician I,M ,Single,US Citizen,7/5/2011,Production       ,Michael Albert,LinkedIn
"Ait Sidi, Karthikeyan   ",10084,104437,Sr. DBA,M ,Married,US Citizen,3/30/2015,IT/IS,Simon Roup,Indeed
"Akinkuolie, Sarah",10196,64955,Production Technician II,F,Married,US Citizen,7/5/2011,Production       ,Kissy Sullivan,LinkedIn
"Alagbe,Trina",10088,64991,Production Technician I,F,Married,US Citizen,1/7/2008,Production       ,Elijiah Gray,Indeed
"Anderson, Carol ",10069,50825,Production Technician I,F,Divorced,US Citizen,7/11/2011,Production       ,Webster Butler,Google Search
"Anderson, Linda  ",10002,57568,Production Technician I,F,Single,US Citizen,1/9/2012,Production       ,Amy Dunn,LinkedIn
"Andreola, Colby",10194,95660,Software Engineer,F,Single,US Citizen,11/10/2014,Software Engineering,Alex Sweetwater,LinkedIn
"Athwal, Sam",10062,59365,Production Technician I,M ,Widowed,US Citizen,9/30/2013,Production       ,Ketsia Liebig,Employee Referral
"Bachiochi, Linda",10114,47837,Production Technician I,F,Single,US Citizen,7/6/2009,Production       ,Brannon Miller,Diversity Job Fair
"Bacong, Alejandro ",10250,50178,IT Support,M ,Divorced,US Citizen,1/5/2015,IT/IS,Peter Monroe,Indeed
"Baczenski, Rachael  ",10252,54670,Production Technician I,F,Married,US Citizen,1/10/2011,Production       ,David Stanley,Diversity Job Fair
"Barbara, Thomas",10242,47211,Production Technician I,M ,Married,US Citizen,4/2/2012,Production       ,Kissy Sullivan,Diversity Job Fair
"Barbossa, Hector",10012,92328,Data Analyst,M ,Divorced,US Citizen,11/10/2014,IT/IS,Simon Roup,Diversity Job Fair
"Barone, Francesco  A",10265,58709,Production Technician I,M ,Single,US Citizen,2/20/2012,Production       ,Kelley Spirea,Google Search
"Barton, Nader",10066,52505,Production Technician I,M ,Divorced,US Citizen,9/24/2012,Production       ,Michael Albert,On-line Web application
"Bates, Norman",10061,57834,Production Technician I,M ,Single,US Citizen,2/21/2011,Production       ,Kelley Spirea,Google Search
"Beak, Kimberly  ",10023,70131,Production Technician II,F,Married,US Citizen,7/21/2016,Production       ,Kelley Spirea,Employee Referral
"Beatrice, Courtney ",10055,59026,Production Technician I,F,Single,Eligible NonCitizen,4/4/2011,Production       ,Elijiah Gray,Google Search
"Becker, Renee",10245,110000,Database Administrator,F,Single,US Citizen,7/7/2014,IT/IS,Simon Roup,Google Search
"Becker, Scott",10277,53250,Production Technician I,M ,Single,US Citizen,7/8/2013,Production       ,Webster Butler,LinkedIn
"Bernstein, Sean",10046,51044,Production Technician I,M ,Single,US Citizen,4/2/2012,Production       ,Amy Dunn,Google Search
"Biden, Lowan  M",10226,64919,Production Technician I,F,Divorced,US Citizen,8/19/2013,Production       ,Ketsia Liebig,Indeed
"Billis, Helen",10003,62910,Production Technician I,F,Married,US Citizen,7/7/2014,Production       ,Brannon Miller,Indeed
"Blount, Dianna",10294,66441,Production Technician II,F,Single,US Citizen,4/4/2011,Production       ,Michael Albert,CareerBuilder
"Bondwell, Betsy",10267,57815,Production Technician II,F,Single,US Citizen,1/10/2011,Production       ,Elijiah Gray,Google Search
"Booth, Frank",10199,103613,Enterprise Architect,M ,Single,US Citizen,2/17/2014,IT/IS,Simon Roup,LinkedIn
"Boutwell, Bonalyn",10081,106367,Sr. Accountant,F,Married,US Citizen,2/16/2015,Admin Offices,Brandon R. LeBlanc,Diversity Job Fair
"Bozzi, Charles",10175,74312,Production Manager,M ,Single,US Citizen,9/30/2013,Production       ,Janet King,Indeed
"Brill, Donna",10177,53492,Production Technician I,F,Married,US Citizen,4/2/2012,Production       ,David Stanley,Google Search
"Brown, Mia",10238,63000,Accountant I,F,Married,US Citizen,10/27/2008,Admin Offices,Brandon R. LeBlanc,Diversity Job Fair
"Buccheri, Joseph  ",10184,65288,Production Technician II,M ,Single,US Citizen,9/29/2014,Production       ,Webster Butler,Google Search
"Bugali, Josephine ",10203,64375,Production Technician I,F,Separated,US Citizen,11/11/2013,Production       ,Kissy Sullivan,Diversity Job Fair
"Bunbury, Jessica",10188,74326,Area Sales Manager,F,Married,Eligible NonCitizen,8/15/2011,Sales,John Smith,Google Search
"Burke, Joelle",10107,63763,Production Technician II,F,Single,US Citizen,3/5/2012,Production       ,Amy Dunn,Employee Referral
"Burkett, Benjamin ",10181,62162,Production Technician II,M ,Married,US Citizen,4/4/2011,Production       ,Ketsia Liebig,Indeed
"Cady, Max ",10150,77692,Software Engineering Manager,M ,Single,US Citizen,8/15/2011,Software Engineering,Jennifer Zamora,Google Search
"Candie, Calvin",10001,72640,Production Manager,M ,Single,US Citizen,1/28/2016,Production       ,Janet King,Indeed
"Carabbio, Judith",10085,93396,Software Engineer,F,Single,US Citizen,11/11/2013,Software Engineering,Alex Sweetwater,Indeed
"Carey, Michael  ",10115,52846,Production Technician I,M ,Single,US Citizen,3/31/2014,Production       ,Kelley Spirea,LinkedIn
"Carr, Claudia  N",10082,100031,Sr. DBA,F,Single,US Citizen,6/30/2016,IT/IS,Simon Roup,LinkedIn
"Carter, Michelle ",10040,71860,Area Sales Manager,F,Single,US Citizen,8/18/2014,Sales,John Smith,Indeed
"Chace, Beatrice ",10067,61656,Production Technician I,F,Single,US Citizen,9/29/2014,Production       ,Michael Albert,Google Search
"Champaigne, Brian",10108,110929,BI Director,M ,Married,US Citizen,9/6/2016,IT/IS,Jennifer Zamora,Indeed
"Chan, Lin",10210,54237,Production Technician I,F,Single,US Citizen,5/12/2014,Production       ,Elijiah Gray,Indeed
"Chang, Donovan  E",10154,60380,Production Technician I,M ,Single,US Citizen,7/8/2013,Production       ,Webster Butler,LinkedIn
"Chigurh, Anton",10200,66808,Area Sales Manager,M ,Single,Eligible NonCitizen,5/14/2012,Sales,Lynn Daneault,Employee Referral
"Chivukula, Enola",10240,64786,Production Technician I,F,Single,US Citizen,6/27/2011,Production       ,Amy Dunn,Indeed
"Cierpiszewski, Caroline  ",10168,64816,Production Technician I,F,Single,Non-Citizen,10/3/2011,Production       ,Ketsia Liebig,Indeed
"Clayton, Rick",10220,68678,IT Support,M ,Single,US Citizen,9/5/2012,IT/IS,Eric Dougall,Indeed
"Cloninger, Jennifer",10275,64066,Production Technician II,F,Married,US Citizen,5/16/2011,Production       ,Brannon Miller,Google Search
"Close, Phil",10269,59369,Production Technician II,M ,Married,US Citizen,8/30/2010,Production       ,David Stanley,Indeed
"Clukey, Elijian",10029,50373,Production Technician I,M ,Married,US Citizen,7/6/2016,Production       ,Brannon Miller,Employee Referral
"Cockel, James",10261,63108,Production Technician I,M ,Single,US Citizen,7/8/2013,Production       ,David Stanley,Employee Referral
"Cole, Spencer",10292,59144,Production Technician I,M ,Single,US Citizen,7/11/2011,Production       ,Kissy Sullivan,LinkedIn
"Corleone, Michael",10282,68051,Production Manager,M ,Divorced,US Citizen,7/20/2010,Production       ,Janet King,CareerBuilder
"Corleone, Vito",10019,170500,Director of Operations,M ,Single,US Citizen,1/5/2009,Production       ,Janet King,Indeed
"Cornett, Lisa ",10094,63381,Production Technician I,F,Married,US Citizen,1/5/2015,Production       ,Kelley Spirea,Indeed
"Costello, Frank",10193,83552,Data Analyst,M ,Married,US Citizen,3/30/2015,IT/IS,Simon Roup,Indeed
"Crimmings,   Jean",10132,56149,Production Technician I,F,Single,US Citizen,7/6/2016,Production       ,Michael Albert,LinkedIn
"",10083,92329,Sr. Network Engineer,M ,Single,US Citizen,11/10/2014,IT/IS,Peter Monroe,Employee Referral
"Daneault, Lynn",10099,65729,Sales Manager,F,Single,US Citizen,5/5/2014,Sales,Debra Houlihan,Indeed
"Daniele, Ann  ",10212,85028,Sr. Network Engineer,F,Married,US Citizen,11/10/2014,IT/IS,Peter Monroe,LinkedIn
"Darson, Jene'ya ",10056,57583,Production Technician I,F,Married,US Citizen,7/2/2012,Production       ,Elijiah Gray,Indeed
"Davis, Daniel",10143,56294,Production Technician II,M ,Single,Eligible NonCitizen,11/7/2011,Production       ,Kissy Sullivan,LinkedIn
"Dee, Randy",10311,56991,Production Technician I,M ,Married,US Citizen,7/9/2018,Production       ,Brannon Miller,Indeed
"DeGweck,  James",10070,55722,Production Technician I,M ,Married,US Citizen,5/16/2011,Production       ,Webster Butler,Indeed
"Del Bosque, Keyla",10155,101199,Software Engineer,F,Single,US Citizen,1/9/2012,Software Engineering,Alex Sweetwater,CareerBuilder
"Delarge, Alex",10306,61568,Area Sales Manager,M ,Single,US Citizen,9/29/2014,Sales,John Smith,Indeed
"Demita, Carla",10100,58275,Production Technician II,F,Separated,US Citizen,4/4/2011,Production       ,Kelley Spirea,Google Search
"Desimone, Carl ",10310,53189,Production Technician I,M ,Married,US Citizen,7/7/2014,Production       ,Amy Dunn,Indeed
"DeVito, Tommy",10197,96820,BI Developer,M ,Single,US Citizen,2/15/2017,IT/IS,Brian Champaigne,Indeed
"Dickinson, Geoff ",10276,51259,Production Technician I,M ,Single,US Citizen,5/12/2014,Production       ,Ketsia Liebig,Indeed
"Dietrich, Jenna  ",10304,59231,Area Sales Manager,F,Single,US Citizen,2/20/2012,Sales,John Smith,Website
"DiNocco, Lily ",10284,61584,Production Technician I,F,Married,US Citizen,1/7/2013,Production       ,Brannon Miller,Indeed
"Dobrin, Denisa  S",10207,46335,Production Technician I,F,Single,US Citizen,4/2/2012,Production       ,David Stanley,CareerBuilder
"Dolan, Linda",10133,70621,IT Support,F,Married,US Citizen,1/5/2015,IT/IS,Peter Monroe,Employee Referral
"Dougall, Eric",10028,138888,IT Manager - Support,M ,Single,US Citizen,1/5/2014,IT/IS,Jennifer Zamora,Indeed
"Driver, Elle",10006,74241,Area Sales Manager,F,Single,US Citizen,1/10/2011,Sales,Lynn Daneault,Indeed
"Dunn, Amy  ",10105,75188,Production Manager,F,Single,US Citizen,9/18/2014,Production       ,Janet King,Google Search
"Dunne, Amy",10211,62514,Production Technician I,F,Married,US Citizen,4/26/2010,Production       ,Ketsia Liebig,Google Search
"Eaton, Marianne",10064,60070,Production Technician I,F,Married,US Citizen,4/4/2011,Production       ,Kissy Sullivan,Google Search
"Engdahl, Jean",10247,48888,Production Technician I,M ,Single,US Citizen,11/10/2014,Production       ,Kelley Spirea,LinkedIn
"England, Rex",10235,54285,Production Technician I,M ,Married,US Citizen,3/31/2014,Production       ,Kelley Spirea,Employee Referral
"Erilus, Angela",10299,56847,Production Technician II,F,Separated,US Citizen,7/7/2014,Production       ,Michael Albert,Indeed
"Estremera, Miguel",10280,60340,Production Technician I,M ,Single,US Citizen,4/2/2012,Production       ,Michael Albert,Google Search
"Evensen, April",10296,59124,Production Technician I,F,Single,US Citizen,2/17/2014,Production       ,Elijiah Gray,Google Search
"Exantus, Susan",10290,99280,Software Engineer,F,Married,US Citizen,5/2/2011,Software Engineering,Alex Sweetwater,Indeed
"Faller, Megan ",10263,71776,Production Technician II,F,Married,US Citizen,7/7/2014,Production       ,Elijiah Gray,LinkedIn
"Fancett, Nicole",10136,65902,Production Technician II,F,Single,US Citizen,2/17/2014,Production       ,Webster Butler,LinkedIn
"Ferguson, Susan",10189,57748,Production Technician I,F,Married,US Citizen,11/7/2011,Production       ,Webster Butler,Google Search
"Fernandes, Nilson  ",10308,64057,Production Technician I,M ,Married,US Citizen,5/11/2015,Production       ,Amy Dunn,Indeed
"Fett, Boba",10309,53366,Network Engineer,M ,Single,US Citizen,3/30/2015,IT/IS,Peter Monroe,LinkedIn
"Fidelia,  Libby",10049,58530,Production Technician I,F,Married,US Citizen,1/9/2012,Production       ,Brannon Miller,Google Search
"Fitzpatrick, Michael  J",10093,72609,Production Technician II,M ,Single,US Citizen,5/16/2011,Production       ,Amy Dunn,Google Search
"Foreman, Tanya",10163,55965,Production Technician II,F,Married,US Citizen,4/4/2011,Production       ,Ketsia Liebig,Google Search
"Forrest, Alex",10305,70187,Area Sales Manager,M ,Married,US Citizen,9/29/2014,Sales,Lynn Daneault,Employee Referral
"Foss, Jason",10015,178000,IT Director,M ,Single,US Citizen,4/15/2011,IT/IS,Jennifer Zamora,Indeed
"Foster-Baker, Amy",10080,99351,Sr. Accountant,F,Married,US Citizen,1/5/2009,Admin Offices,Board of Directors,Other
"Fraval, Maruk ",10258,67251,Area Sales Manager,M ,Single,US Citizen,9/6/2011,Sales,Lynn Daneault,CareerBuilder
"Galia, Lisa",10273,65707,IT Support,F,Single,US Citizen,5/1/2010,IT/IS,Eric Dougall,LinkedIn
"Garcia, Raul",10111,52249,Production Technician I,M ,Single,US Citizen,3/30/2015,Production       ,David Stanley,Employee Referral
"Gaul, Barbara",10257,53171,Production Technician I,F,Single,US Citizen,5/16/2011,Production       ,Kelley Spirea,LinkedIn
"Gentry, Mildred",10159,51337,Production Technician I,F,Married,US Citizen,3/30/2015,Production       ,Michael Albert,LinkedIn
"Gerke, Melisa",10122,51505,Production Technician I,F,Divorced,US Citizen,11/7/2011,Production       ,Elijiah Gray,Diversity Job Fair
"Gill, Whitney  ",10142,59370,Area Sales Manager,F,Widowed,US Citizen,7/7/2014,Sales,John Smith,CareerBuilder
"Gilles, Alex",10283,54933,Production Technician I,M ,Married,US Citizen,4/2/2012,Production       ,Webster Butler,Diversity Job Fair
"Girifalco, Evelyn",10018,57815,Production Technician I,F,Single,US Citizen,9/29/2014,Production       ,Amy Dunn,Indeed
"Givens, Myriam",10255,61555,Area Sales Manager,F,Single,US Citizen,2/16/2015,Sales,Lynn Daneault,Indeed
"Goble, Taisha",10246,114800,Database Administrator,F,Single,US Citizen,2/16/2015,IT/IS,Simon Roup,Indeed
"Goeth, Amon",10228,74679,IT Support,M ,Married,US Citizen,3/30/2015,IT/IS,Peter Monroe,LinkedIn
"Gold, Shenice  ",10243,53018,Production Technician I,F,Single,US Citizen,11/11/2013,Production       ,Ketsia Liebig,Indeed
"Gonzalez, Cayo",10031,59892,Production Technician I,M ,Divorced,US Citizen,7/11/2011,Production       ,Brannon Miller,Diversity Job Fair
"Gonzalez, Juan",10300,68898,Production Technician II,M ,Married,US Citizen,4/26/2010,Production       ,Brannon Miller,Diversity Job Fair
"Gonzalez, Maria",10101,61242,IT Support,F,Separated,US Citizen,1/5/2015,IT/IS,Peter Monroe,Employee Referral
"Good, Susan",10237,66825,Production Technician II,F,Married,US Citizen,5/12/2014,Production       ,David Stanley,LinkedIn
"Gordon, David",10051,48285,Production Technician I,M ,Married,US Citizen,7/2/2012,Production       ,David Stanley,LinkedIn
"Gosciminski, Phylicia  ",10218,66149,Production Technician II,F,Separated,US Citizen,9/30/2013,Production       ,Kissy Sullivan,Google Search
"Goyal, Roxana",10256,49256,Production Technician I,F,Married,US Citizen,8/19/2013,Production       ,Kissy Sullivan,LinkedIn
"Gray, Elijiah  ",10098,62957,Production Manager,M ,Divorced,US Citizen,6/2/2015,Production       ,Janet King,Employee Referral
"Gross, Paula",10059,63813,Production Technician I,F,Divorced,US Citizen,2/21/2011,Production       ,Kelley Spirea,CareerBuilder
"Gruber, Hans",10234,99020,BI Developer,M ,Married,US Citizen,4/20/2017,IT/IS,Brian Champaigne,Indeed
"Guilianno, Mike",10109,71707,Area Sales Manager,M ,Single,US Citizen,3/7/2012,Sales,John Smith,LinkedIn
"Handschiegl, Joanne",10125,54828,Production Technician I,F,Married,US Citizen,11/28/2011,Production       ,Michael Albert,Google Search
"Hankard, Earnest",10074,64246,Production Technician II,M ,Single,US Citizen,11/11/2013,Production       ,Kelley Spirea,LinkedIn
"Harrington, Christie ",10097,52177,Production Technician I,F,Single,US Citizen,1/9/2012,Production       ,Webster Butler,CareerBuilder
"Harrison, Kara",10007,62065,Production Technician I,F,Married,US Citizen,5/12/2014,Production       ,Amy Dunn,CareerBuilder
"Heitzman, Anthony",10129,46998,Production Technician I,M ,Single,US Citizen,8/13/2012,Production       ,Ketsia Liebig,Google Search
"Hendrickson, Trina",10075,68099,Production Technician II,F,Single,US Citizen,1/10/2011,Production       ,Kelley Spirea,CareerBuilder
"Hitchcock, Alfred",10167,70545,Area Sales Manager,M ,Married,US Citizen,8/18/2014,Sales,John Smith,Indeed
"Homberger, Adrienne  J",10195,63478,Production Technician II,F,Married,Non-Citizen,8/15/2011,Production       ,Michael Albert,Indeed
"Horton, Jayne",10112,97999,Database Administrator,F,Single,US Citizen,3/30/2015,IT/IS,Simon Roup,Indeed
"Houlihan, Debra",10272,180000,Director of Sales,F,Married,US Citizen,5/5/2014,Sales,Janet King,LinkedIn
"Howard, Estelle",10182,49920,Administrative Assistant,F,Married,US Citizen,2/16/2015,Admin Offices,Brandon R. LeBlanc,Indeed
"Hudson, Jane",10248,55425,Production Technician I,F,Single,US Citizen,2/20/2012,Production       ,Ketsia Liebig,LinkedIn
"Hunts, Julissa",10201,69340,Production Technician II,F,Single,US Citizen,6/6/2016,Production       ,Elijiah Gray,LinkedIn
"Hutter, Rosalie",10214,64995,Production Technician II,F,Separated,US Citizen,6/5/2015,Production       ,Webster Butler,Indeed
"Huynh, Ming",10160,68182,Production Technician II,F,Divorced,US Citizen,2/21/2011,Production       ,Amy Dunn,Google Search
"Immediato, Walter",10289,83082,Production Manager,M ,Married,US Citizen,2/21/2011,Production       ,Janet King,Indeed
"Ivey, Rose ",10139,51908,Production Technician I,F,Single,US Citizen,8/19/2013,Production       ,Brannon Miller,Indeed
"Jackson, Maryellen",10227,61242,Production Technician I,F,Single,US Citizen,11/5/2012,Production       ,David Stanley,LinkedIn
"Jacobi, Hannah  ",10236,45069,Production Technician I,F,Divorced,US Citizen,9/30/2013,Production       ,Kissy Sullivan,Employee Referral
"Jeannite, Tayana",10009,60724,Production Technician II,F,Divorced,US Citizen,7/5/2011,Production       ,Ketsia Liebig,LinkedIn
"Jhaveri, Sneha  ",10060,60436,Production Technician I,F,Separated,US Citizen,1/6/2014,Production       ,Kelley Spirea,LinkedIn
"Johnson, George",10034,46837,Production Technician I,M ,Married,US Citizen,11/7/2011,Production       ,Michael Albert,CareerBuilder
"Johnson, Noelle ",10156,105700,Database Administrator,F,Married,US Citizen,1/5/2015,IT/IS,Simon Roup,Indeed
"Johnston, Yen",10036,63322,Production Technician II,F,Single,US Citizen,7/7/2014,Production       ,Brannon Miller,LinkedIn
"Jung, Judy  ",10138,61154,Production Technician I,F,Married,US Citizen,1/10/2011,Production       ,Elijiah Gray,CareerBuilder
"Kampew, Donysha",10244,68999,Sales Manager,F,Single,US Citizen,11/7/2011,Sales,Debra Houlihan,Google Search
"Keatts, Kramer ",10192,50482,Production Technician I,M ,Single,US Citizen,9/30/2013,Production       ,Michael Albert,Indeed
"Khemmich, Bartholemew",10231,65310,Area Sales Manager,M ,Single,US Citizen,8/19/2013,Sales,Lynn Daneault,Indeed
"King, Janet",10089,250000,President & CEO,F,Married,US Citizen,7/2/2012,Executive Office,Board of Directors,Indeed
"Kinsella, Kathleen  ",10166,54005,Production Technician I,F,Married,US Citizen,9/26/2011,Production       ,Webster Butler,Google Search
"Kirill, Alexandra  ",10170,45433,Production Technician I,F,Married,US Citizen,9/26/2011,Production       ,Amy Dunn,Google Search
"Knapp, Bradley  J",10208,46654,Production Technician I,M ,Single,US Citizen,2/17/2014,Production       ,Ketsia Liebig,LinkedIn
"Kretschmer, John",10176,63973,Production Technician I,M ,Married,US Citizen,1/10/2011,Production       ,Brannon Miller,Indeed
"Kreuger, Freddy",10165,71339,Area Sales Manager,M ,Single,US Citizen,3/7/2011,Sales,John Smith,Diversity Job Fair
"Lajiri,  Jyoti",10113,93206,Sr. Network Engineer,M ,Married,US Citizen,11/10/2014,IT/IS,Peter Monroe,Employee Referral
"Landa, Hans",10092,82758,Production Manager,M ,Married,US Citizen,1/10/2011,Production       ,Janet King,Employee Referral
"Langford, Lindsey",10106,66074,Production Technician II,F,Divorced,US Citizen,1/7/2013,Production       ,David Stanley,Indeed
"Langton, Enrico",10052,46120,Production Technician I,M ,Married,US Citizen,7/9/2012,Production       ,David Stanley,LinkedIn
"LaRotonda, William  ",10038,64520,Accountant I,M ,Divorced,US Citizen,1/6/2014,Admin Offices,Brandon R. LeBlanc,Website
"Latif, Mohammed",10249,61962,Production Technician II,M ,Married,US Citizen,4/2/2012,Production       ,Kissy Sullivan,Google Search
"Le, Binh",10232,81584,Senior BI Developer,F,Single,US Citizen,10/2/2016,IT/IS,Brian Champaigne,Indeed
"Leach, Dallas",10087,63676,Production Technician I,F,Single,US Citizen,9/26/2011,Production       ,Kissy Sullivan,CareerBuilder
"LeBlanc, Brandon  R",10134,93046,Shared Services Manager,M ,Married,US Citizen,1/5/2016,Admin Offices,Janet King,CareerBuilder
"Lecter, Hannibal",10251,64738,Production Technician I,M ,Married,US Citizen,5/14/2012,Production       ,Elijiah Gray,Google Search
"Leruth, Giovanni",10103,70468,Area Sales Manager,M ,Separated,US Citizen,4/30/2012,Sales,John Smith,Website
"Liebig, Ketsia",10017,77915,Production Manager,F,Married,US Citizen,9/30/2013,Production       ,Janet King,Website
"Linares, Marilyn ",10186,52624,Production Technician I,F,Married,US Citizen,7/5/2011,Production       ,Michael Albert,Indeed
"Linden, Mathew",10137,63450,Production Technician II,M ,Married,US Citizen,7/8/2013,Production       ,Kelley Spirea,LinkedIn
"Lindsay, Leonara ",10008,51777,IT Support,F,Single,US Citizen,1/21/2011,IT/IS,Eric Dougall,Diversity Job Fair
"Lundy, Susan",10096,67237,Production Technician II,F,Widowed,US Citizen,7/8/2013,Production       ,Michael Albert,LinkedIn
"Lunquist, Lisa",10035,73330,Production Technician II,F,Single,US Citizen,8/19/2013,Production       ,Elijiah Gray,Indeed
"Lydon, Allison",10057,52057,Production Technician I,F,Married,US Citizen,2/16/2015,Production       ,Elijiah Gray,Website
"Lynch, Lindsay",10004,47434,Production Technician I,F,Single,US Citizen,11/7/2011,Production       ,Webster Butler,Diversity Job Fair
"MacLennan, Samuel",10191,52788,Production Technician I,M ,Widowed,US Citizen,9/24/2012,Production       ,Amy Dunn,Indeed
"Mahoney, Lauren  ",10219,45395,Production Technician I,F,Single,US Citizen,1/6/2014,Production       ,Ketsia Liebig,LinkedIn
"Manchester, Robyn",10077,62385,Production Technician II,F,Married,US Citizen,5/11/2016,Production       ,Webster Butler,LinkedIn
"Mancuso, Karen",10073,68407,Production Technician II,F,Married,US Citizen,7/5/2011,Production       ,Amy Dunn,LinkedIn
"Mangal, Debbie",10279,61349,Production Technician I,F,Married,US Citizen,11/11/2013,Production       ,Brannon Miller,LinkedIn
"Martin, Sandra",10110,105688,Software Engineer,F,Single,US Citizen,11/11/2013,Software Engineering,Alex Sweetwater,Google Search
"Maurice, Shana",10053,54132,Production Technician I,F,Married,US Citizen,5/31/2011,Production       ,David Stanley,Indeed
"Carthy, B'rigit",10076,55315,Production Technician II,F,Single,US Citizen,3/30/2015,Production       ,Ketsia Liebig,LinkedIn
"Mckenna, Sandy",10145,62810,Production Technician I,F,Married,US Citizen,1/7/2013,Production       ,Kissy Sullivan,CareerBuilder
"McKinzie, Jac",10202,63291,Area Sales Manager,M ,Married,US Citizen,7/6/2016,Sales,Lynn Daneault,Website
"Meads, Elizabeth",10128,62659,Production Technician I,F,Single,US Citizen,4/2/2012,Production       ,Kelley Spirea,Diversity Job Fair
"Medeiros, Jennifer",10068,55688,Production Technician I,F,Single,US Citizen,3/30/2015,Production       ,Michael Albert,CareerBuilder
"Miller, Brannon",10116,83667,Production Manager,M ,Single,US Citizen,8/16/2012,Production       ,Janet King,Indeed
"Miller, Ned",10298,55800,Production Technician II,M ,Single,US Citizen,8/15/2011,Production       ,Brannon Miller,LinkedIn
"Monkfish, Erasumus",10213,58207,Production Technician II,M ,Married,US Citizen,11/7/2011,Production       ,David Stanley,LinkedIn
"Monroe, Peter",10288,157000,IT Manager - Infra,M ,Married,Eligible NonCitizen,2/15/2012,IT/IS,Jennifer Zamora,Diversity Job Fair
"Monterro, Luisa",10025,72460,Production Technician II,F,Single,US Citizen,5/13/2013,Production       ,Kissy Sullivan,Indeed
"Moran, Patrick",10223,72106,Production Technician II,M ,Single,US Citizen,1/9/2012,Production       ,Kelley Spirea,Diversity Job Fair
"Morway, Tanya",10151,52599,Network Engineer,F,Married,US Citizen,2/16/2015,IT/IS,Peter Monroe,CareerBuilder
"Motlagh,  Dawn",10254,63430,Production Technician I,F,Divorced,US Citizen,4/1/2013,Production       ,Elijiah Gray,LinkedIn
"Moumanil, Maliki ",10120,74417,Production Technician II,M ,Separated,US Citizen,5/13/2013,Production       ,Michael Albert,LinkedIn
"Myers, Michael",10216,57575,Production Technician I,M ,Single,US Citizen,7/8/2013,Production       ,Kissy Sullivan,LinkedIn
"Navathe, Kurt",10079,87921,Senior BI Developer,M ,Single,US Citizen,2/10/2017,IT/IS,Brian Champaigne,Indeed
"Ndzi, Colombui",10215,50470,Production Technician I,M ,Single,US Citizen,9/26/2011,Production       ,Webster Butler,Diversity Job Fair
"Ndzi, Horia",10185,46664,Production Technician I,M ,Married,US Citizen,4/1/2013,Production       ,Amy Dunn,Employee Referral
"Newman, Richard ",10063,48495,Production Technician I,M ,Married,US Citizen,5/12/2014,Production       ,Ketsia Liebig,LinkedIn
"Ngodup, Shari ",10037,52984,Production Technician I,F,Separated,US Citizen,4/1/2013,Production       ,Brannon Miller,Diversity Job Fair
"Nguyen, Dheepa",10042,63695,Area Sales Manager,F,Single,US Citizen,7/8/2013,Sales,Lynn Daneault,Indeed
"Nguyen, Lei-Ming",10206,62061,Production Technician I,F,Single,US Citizen,7/8/2013,Production       ,David Stanley,LinkedIn
"Nowlan, Kristie",10104,66738,Production Technician II,F,Single,US Citizen,11/10/2014,Production       ,Elijiah Gray,Indeed
"O'hare, Lynn",10303,52674,Production Technician I,F,Single,US Citizen,3/31/2014,Production       ,Kissy Sullivan,LinkedIn
"Oliver, Brooke ",10078,71966,Production Technician II,F,Married,US Citizen,5/14/2012,Production       ,Webster Butler,LinkedIn
"Onque, Jasmine",10121,63051,Area Sales Manager,F,Single,US Citizen,9/30/2013,Sales,Lynn Daneault,Indeed
"Osturnka, Adeel",10021,47414,Production Technician I,M ,Married,US Citizen,9/30/2013,Production       ,Kelley Spirea,LinkedIn
"Owad, Clinton",10281,53060,Production Technician I,M ,Single,US Citizen,2/17/2014,Production       ,Michael Albert,LinkedIn
"Ozark, Travis",10041,68829,Area Sales Manager,M ,Single,US Citizen,1/5/2015,Sales,John Smith,Website
"Panjwani, Nina",10148,63515,Production Technician I,F,Married,US Citizen,2/7/2011,Production       ,Elijiah Gray,Google Search
"Patronick, Lucas",10005,108987,Software Engineer,M ,Single,US Citizen,11/7/2011,Software Engineering,Alex Sweetwater,Diversity Job Fair
"Pearson, Randall",10259,93093,Data Analyst,M ,Married,US Citizen,12/1/2014,IT/IS,Simon Roup,Employee Referral
"Smith, Martin",10286,53564,Production Technician I,M ,Single,US Citizen,1/10/2011,Production       ,Webster Butler,Google Search
"Pelletier, Ermine",10297,60270,Production Technician II,F,Married,US Citizen,7/5/2011,Production       ,Amy Dunn,CareerBuilder
"Perry, Shakira",10171,45998,Production Technician I,F,Single,US Citizen,5/16/2011,Production       ,Amy Dunn,LinkedIn
"Peters, Lauren",10032,57954,Production Technician II,F,Married,US Citizen,5/16/2011,Production       ,Ketsia Liebig,Indeed
"Peterson, Ebonee  ",10130,74669,Production Manager,F,Married,US Citizen,10/25/2010,Production       ,Janet King,Indeed
"Petingill, Shana  ",10217,74226,Production Technician II,F,Married,Eligible NonCitizen,4/2/2012,Production       ,Brannon Miller,LinkedIn
"Petrowsky, Thelma",10016,93554,Data Analyst,F,Married,US Citizen,11/10/2014,IT/IS,Simon Roup,Employee Referral
"Pham, Hong",10050,64724,Production Technician I,M ,Married,US Citizen,7/5/2011,Production       ,Brannon Miller,Google Search
"Pitt, Brad ",10164,47001,Production Technician I,M ,Single,US Citizen,11/5/2007,Production       ,David Stanley,Google Search
"Potts, Xana",10124,61844,Area Sales Manager,F,Married,US Citizen,1/9/2012,Sales,Lynn Daneault,Website
"Power, Morissa",10187,46799,Production Technician I,F,Divorced,Eligible NonCitizen,5/16/2011,Production       ,Kissy Sullivan,Google Search
"Punjabhi, Louis  ",10225,59472,Production Technician I,M ,Single,US Citizen,1/6/2014,Production       ,Kelley Spirea,Employee Referral
"Purinton, Janine",10262,46430,Production Technician I,F,Divorced,US Citizen,9/24/2012,Production       ,Kissy Sullivan,Indeed
"Quinn, Sean",10131,83363,Software Engineer,M ,Married,Eligible NonCitizen,2/21/2011,Software Engineering,Janet King,Diversity Job Fair
"Rachael, Maggie",10239,95920,BI Developer,F,Married,US Citizen,10/2/2016,IT/IS,Brian Champaigne,Indeed
"Rarrick, Quinn",10152,61729,Production Technician I,M ,Divorced,US Citizen,9/26/2011,Production       ,Michael Albert,Indeed
"Ren, Kylo",10140,61809,Area Sales Manager,M ,Married,US Citizen,5/12/2014,Sales,John Smith,CareerBuilder
"Rhoads, Thomas",10058,45115,Production Technician I,M ,Divorced,US Citizen,5/16/2011,Production       ,Elijiah Gray,LinkedIn
"Rivera, Haley  ",10011,46738,Production Technician I,F,Married,US Citizen,11/28/2011,Production       ,Webster Butler,Google Search
"Roberson, May",10230,64971,Production Technician II,F,Divorced,Eligible NonCitizen,9/26/2011,Production       ,David Stanley,Google Search
"Robertson, Peter",10224,55578,Production Technician II,M ,Married,US Citizen,7/5/2011,Production       ,Kissy Sullivan,Indeed
"Robinson, Alain  ",10047,50428,Production Technician I,M ,Married,US Citizen,1/10/2011,Production       ,Amy Dunn,Indeed
"Robinson, Cherly",10285,61422,Production Technician I,F,Married,US Citizen,1/10/2011,Production       ,Ketsia Liebig,Indeed
"Robinson, Elias",10020,63353,Production Technician I,M ,Widowed,US Citizen,7/8/2013,Production       ,Brannon Miller,Employee Referral
"Roby, Lori ",10162,89883,Data Analyst,F,Married,US Citizen,2/16/2015,IT/IS,Simon Roup,Employee Referral
"Roehrich, Bianca",10149,120000,Principal Data Architect,F,Single,US Citizen,1/5/2015,IT/IS,Simon Roup,LinkedIn
"Roper, Katie",10086,150290,Data Architect,F,Single,US Citizen,1/7/2017,IT/IS,Brian Champaigne,Indeed
"Rose, Ashley  ",10054,60627,Production Technician I,F,Separated,US Citizen,1/6/2014,Production       ,David Stanley,Website
"Rossetti, Bruno",10065,53180,Production Technician I,M ,Single,US Citizen,4/4/2011,Production       ,Kissy Sullivan,Google Search
"Roup,Simon",10198,140920,IT Manager - DB,M ,Single,US Citizen,1/20/2013,IT/IS,Jennifer Zamora,Indeed
"Ruiz, Ricardo",10222,148999,IT Manager - DB,M ,Divorced,US Citizen,1/9/2012,IT/IS,Jennifer Zamora,Diversity Job Fair
"Saada, Adell",10126,86214,Software Engineer,F,Married,US Citizen,11/5/2012,Software Engineering,Alex Sweetwater,Indeed
"Saar-Beckles, Melinda",10295,47750,Production Technician I,F,Single,US Citizen,7/4/2016,Production       ,Kelley Spirea,Diversity Job Fair
"Sadki, Nore  ",10260,46428,Production Technician I,M ,Single,US Citizen,1/5/2009,Production       ,Michael Albert,Google Search
"Sahoo, Adil",10233,57975,Production Technician II,M ,Married,US Citizen,8/30/2010,Production       ,Kelley Spirea,CareerBuilder
"Salter, Jason",10229,88527,Data Analyst ,M ,Divorced,US Citizen,1/5/2015,IT/IS,Simon Roup,LinkedIn
"Sander, Kamrin",10169,56147,Production Technician I,F,Married,US Citizen,9/29/2014,Production       ,Elijiah Gray,LinkedIn
"Sewkumar, Nori",10071,50923,Production Technician I,F,Single,US Citizen,9/30/2013,Production       ,Webster Butler,Google Search
"Shepard, Anita ",10179,50750,Network Engineer,F,Married,US Citizen,9/30/2014,IT/IS,Peter Monroe,LinkedIn
"Shields, Seffi",10091,52087,Production Technician I,F,Married,US Citizen,8/19/2013,Production       ,Amy Dunn,LinkedIn
"Simard, Kramer",10178,87826,Data Analyst,M ,Married,US Citizen,1/5/2015,IT/IS,Simon Roup,Employee Referral
"Singh, Nan ",10039,51920,Administrative Assistant,F,Single,US Citizen,5/1/2015,Admin Offices,Brandon R. LeBlanc,Website
"Sloan, Constance",10095,63878,Production Technician II,F,Single,US Citizen,10/26/2009,Production       ,Michael Albert,CareerBuilder
"Smith, Joe",10027,60656,Production Technician II,M ,Single,US Citizen,9/29/2014,Production       ,Elijiah Gray,Indeed
"Smith, John",10291,72992,Sales Manager,M ,Divorced,US Citizen,5/18/2014,Sales,Debra Houlihan,Diversity Job Fair
"Smith, Leigh Ann",10153,55000,Administrative Assistant,F,Married,US Citizen,9/26/2011,Admin Offices,Brandon R. LeBlanc,Diversity Job Fair
"Smith, Sade",10157,58939,Production Technician I,F,Single,US Citizen,11/11/2013,Production       ,Ketsia Liebig,Employee Referral
"Soto, Julia ",10119,66593,IT Support,F,Married,US Citizen,6/10/2011,IT/IS,Eric Dougall,LinkedIn
"Soze, Keyser",10180,87565,Sr. Network Engineer,M ,Married,US Citizen,6/30/2016,IT/IS,Peter Monroe,LinkedIn
"Sparks, Taylor  ",10302,64021,Production Technician I,F,Married,US Citizen,2/20/2012,Production       ,Brannon Miller,Indeed
"Spirea, Kelley",10090,65714,Production Manager,F,Married,US Citizen,10/2/2012,Production       ,Janet King,LinkedIn
"Squatrito, Kristen",10030,62425,Production Technician I,F,Divorced,US Citizen,5/13/2013,Production       ,David Stanley,LinkedIn
"Stanford,Barbara  M",10278,47961,Production Technician I,F,Divorced,US Citizen,1/10/2011,Production       ,Kissy Sullivan,Google Search
"Stansfield, Norman",10307,58273,Area Sales Manager,M ,Married,US Citizen,5/12/2014,Sales,Lynn Daneault,Website
"Steans, Tyrone  ",10147,63003,Accountant I,M ,Single,US Citizen,9/29/2014,Admin Offices,Brandon R. LeBlanc,Indeed
"Stoica, Rick",10266,61355,Production Technician I,M ,Married,US Citizen,2/17/2014,Production       ,Kelley Spirea,LinkedIn
"Strong, Caitrin",10241,60120,Area Sales Manager,F,Married,US Citizen,9/27/2010,Sales,John Smith,Indeed
"Sullivan, Kissy ",10158,63682,Production Manager,F,Married,US Citizen,1/8/2009,Production       ,Janet King,Indeed
"Sullivan, Timothy",10117,63025,Production Technician I,M ,Married,US Citizen,1/5/2015,Production       ,Michael Albert,Google Search
"Sutwell, Barbara",10209,59238,Production Technician I,F,Single,Eligible NonCitizen,5/14/2012,Production       ,Elijiah Gray,Indeed
"Szabo, Andrew",10024,92989,Software Engineer,M ,Single,US Citizen,7/7/2014,Software Engineering,Alex Sweetwater,LinkedIn
"Tannen, Biff",10173,90100,BI Developer,M ,Married,US Citizen,4/20/2017,IT/IS,Brian Champaigne,Indeed
"Tavares, Desiree  ",10221,60754,Production Technician I,F,Married,Non-Citizen,4/27/2009,Production       ,Webster Butler,Diversity Job Fair
"Tejeda, Lenora ",10146,72202,Production Technician II,F,Married,US Citizen,5/16/2011,Production       ,Elijiah Gray,Google Search
"Terry, Sharlene ",10161,58370,Area Sales Manager,F,Single,US Citizen,9/29/2014,Sales,Lynn Daneault,Indeed
"Theamstern, Sophia",10141,48413,Production Technician I,F,Single,US Citizen,7/5/2011,Production       ,Amy Dunn,Indeed
"Thibaud, Kenneth",10268,67176,Production Technician II,M ,Widowed,US Citizen,6/25/2007,Production       ,Webster Butler,Other
"Tippett, Jeanette",10123,56339,Production Technician I,F,Divorced,US Citizen,2/18/2013,Production       ,Brannon Miller,Indeed
"Torrence, Jack",10013,64397,Area Sales Manager,M ,Separated,US Citizen,1/9/2006,Sales,Lynn Daneault,Indeed
"Trang, Mei",10287,63025,Production Technician I,F,Single,US Citizen,2/17/2014,Production       ,David Stanley,LinkedIn
"Tredinnick, Neville ",10044,75281,Network Engineer,M ,Married,US Citizen,1/5/2015,IT/IS,Peter Monroe,CareerBuilder
"True, Edward",10102,100416,Software Engineer,M ,Single,Non-Citizen,2/18/2013,Software Engineering,Alex Sweetwater,Diversity Job Fair
"Trzeciak, Cybil",10270,74813,Production Technician II,F,Single,US Citizen,1/10/2011,Production       ,Amy Dunn,LinkedIn
"Turpin, Jumil",10045,76029,Network Engineer,M ,Married,Eligible NonCitizen,3/30/2015,IT/IS,Peter Monroe,Employee Referral
"Valentin,Jackie",10205,57859,Area Sales Manager,F,Married,US Citizen,7/5/2011,Sales,John Smith,Indeed
"Veera, Abdellah ",10014,58523,Production Technician I,M ,Divorced,US Citizen,8/13/2012,Production       ,Kissy Sullivan,LinkedIn
"Vega, Vincent",10144,88976,Production Manager,M ,Divorced,US Citizen,8/1/2011,Production       ,Janet King,Employee Referral
"Villanueva, Noah",10253,55875,Area Sales Manager,M ,Single,US Citizen,3/5/2012,Sales,John Smith,Website
"Voldemort, Lord",10118,113999,Database Administrator,M ,Married,US Citizen,2/16/2015,IT/IS,Simon Roup,Employee Referral
"Volk, Colleen",10022,49773,Production Technician I,F,Married,US Citizen,9/26/2011,Production       ,Kelley Spirea,Google Search
"Von Massenbach, Anna",10183,62068,Production Technician I,F,Single,US Citizen,7/5/2015,Production       ,Michael Albert,LinkedIn
"Walker, Roger",10190,66541,Production Technician II,M ,Single,US Citizen,8/18/2014,Production       ,Ketsia Liebig,Employee Referral
"Wallace, Courtney  E",10274,80512,Production Manager,F,Married,US Citizen,9/26/2011,Production       ,Janet King,Diversity Job Fair
"Wallace, Theresa",10293,50274,Production Technician I,F,Single,US Citizen,8/13/2012,Production       ,Elijiah Gray,CareerBuilder
"Wang, Charlie",10172,84903,Senior BI Developer,M ,Single,US Citizen,2/15/2017,IT/IS,Brian Champaigne,Indeed
"Warfield, Sarah",10127,107226,Sr. Network Engineer,F,Widowed,US Citizen,3/30/2015,IT/IS,Peter Monroe,Employee Referral
"Whittier, Scott",10072,58371,Production Technician I,M ,Single,US Citizen,1/10/2011,Production       ,Webster Butler,LinkedIn
"Wilber, Barry",10048,55140,Production Technician I,M ,Married,Eligible NonCitizen,5/16/2011,Production       ,Amy Dunn,Website
"Wilkes, Annie",10204,58062,Production Technician I,F,Divorced,US Citizen,1/10/2011,Production       ,Ketsia Liebig,Google Search
"Williams, Jacquelyn  ",10264,59728,Production Technician I,F,Single,US Citizen,1/9/2012,Production       ,Ketsia Liebig,Diversity Job Fair
"Winthrop, Jordan  ",10033,70507,Production Technician II,M ,Single,US Citizen,1/7/2013,Production       ,Brannon Miller,LinkedIn
"Wolk, Hang  T",10174,60446,Production Technician II,F,Single,US Citizen,9/29/2014,Production       ,David Stanley,LinkedIn
"Woodson, Jason",10135,65893,Production Technician II,M ,Single,US Citizen,7/7/2014,Production       ,Kissy Sullivan,LinkedIn
"Ybarra, Catherine ",10301,48513,Production Technician I,F,Single,US Citizen,9/2/2008,Production       ,Brannon Miller,Google Search
"Zamora, Jennifer",10010,220450,CIO,F,Single,US Citizen,4/10/2010,IT/IS,Janet King,Employee Referral
"Zhou, Julia",10043,89292,Data Analyst,F,Single,US Citizen,3/30/2015,IT/IS,Simon Roup,Employee Referral
"Zima, Colleen",10271,45046,Production Technician I,F,Widowed,US Citizen,9/29/2014,Production       ,David Stanley,LinkedIn
